,id,avg_accel_x,avg_accel_y,avg_accel_z,avg_enmo,avg_anglez,sum_non_wear_flag,avg_light
0,00115b9f,-0.31638350708708524,0.016008794383341674,-0.16789009855398757,0.04738761215892113,-10.580415352776383,0.0,42.29630926816121
1,001f3379,-0.004272257223216174,0.016858876541917523,-0.6317314230275448,0.011926252442999804,-55.630767828372576,259920.00000890344,16.771980609246814
